{"cameraMode":{"drawMode":0,"name":"Shaded","section":"Shading Mode"},"sceneLighting":false,"audioPlay":false,"sceneViewState":{"m_AlwaysRefresh":false,"showFog":true,"showSkybox":true,"showFlares":true,"showImageEffects":true,"showParticleSystems":true,"showVisualEffectGraphs":true,"m_FxEnabled":true},"in2DMode":false,"pivot":{"x":3.9393422603607179,"y":1.5709469318389893,"z":-25.42534065246582},"rotation":{"x":-0.2737051248550415,"y":0.36237621307373049,"z":-0.11221901327371597,"w":-0.883843719959259},"size":0.41419851779937746,"orthographic":false}