{"cameraMode":{"drawMode":0,"name":"Shaded","section":"Shading Mode"},"sceneLighting":false,"audioPlay":false,"sceneViewState":{"m_AlwaysRefresh":false,"showFog":true,"showSkybox":true,"showFlares":true,"showImageEffects":true,"showParticleSystems":true,"showVisualEffectGraphs":true,"m_FxEnabled":false},"in2DMode":false,"pivot":{"x":238.92848205566407,"y":178.25831604003907,"z":99.14321899414063},"rotation":{"x":0.16406956315040589,"y":0.01306013111025095,"z":-0.0021705494727939369,"w":0.9863646626472473},"size":429.9202880859375,"orthographic":false}